fid,OBJECTID,STAGE,SUID,SECURITY_ID,ACTIVITY_CODE,ACTIVITY,NAME,DATE_PLANNED,NBR_UNITS_PLANNED,DATE_ACCOMPLISHED,NBR_UNITS_ACCOMPLISHED,DATE_COMPLETED,FISCAL_YEAR_PLANNED,FISCAL_YEAR_ACCOMPLISHED,FISCAL_YEAR_COMPLETED,IMPLEMENTATION_PROJECT,NEPA_DOC_NAME,NEPA_SIGNED_DATE,METHOD_CODE,METHOD,EQUIPMENT_CODE,EQUIPMENT,GIS_ACRES,STATUS,SHAPE_Length,SHAPE_Area,Legend,QGIS_ACRES,real_QGIS_ACRES
"1","1","3","0503566220770000000","050356","4220",Commercial Thin,TRESTLE STEWARDSHIP 622077,2018-06-20T00:00:00.000,28,2018-06-20T00:00:00.000,28,2019-06-30T00:00:00.000,"2018","2018","2019",,(PALS)TRESTLE FOREST HEALTH PROJECT,2017-09-11T00:00:00.000,"200",Mechanical,"455",Feller Buncher,27.95,Completed,0.0186878545142711,1.17008702556613e-05,Mechanical Harvest,"28",27.9376670883352
"2","2","3","0503566220780000000","050356","4220",Commercial Thin,TRESTLE STEWARDSHIP 622078,2018-06-20T00:00:00.000,61,2018-06-20T00:00:00.000,61,2019-06-30T00:00:00.000,"2018","2018","2019",,(PALS)TRESTLE FOREST HEALTH PROJECT,2017-09-11T00:00:00.000,"200",Mechanical,"455",Feller Buncher,60.55,Completed,0.0283581209204139,2.53478142265519e-05,Mechanical Harvest,"61",60.5275351122443
"3","3","3","0503566220790000000","050356","4220",Commercial Thin,TRESTLE STEWARDSHIP 622079,2018-06-20T00:00:00.000,31.9,2018-06-20T00:00:00.000,31.9,2019-06-30T00:00:00.000,"2018","2018","2019",,(PALS)TRESTLE FOREST HEALTH PROJECT,2017-09-11T00:00:00.000,"200",Mechanical,"455",Feller Buncher,33.96,Completed,0.0183346710859367,1.42183707614196e-05,Mechanical Harvest,"34",33.954768003141
"4","4","3","0503566220800000000","050356","1120",Yarding - Removal of Fuels by Carrying or Dragging,TRESTLE STEWARDSHIP 622080,2018-06-20T00:00:00.000,14,2018-06-20T00:00:00.000,14,2018-09-30T00:00:00.000,"2018","2018","2018",STEWARDSHIP,(PALS)TRESTLE FOREST HEALTH PROJECT,2017-09-11T00:00:00.000,"420",Tractor Logging,"420",Tractor  logging                                                          ,14.68,Completed,0.019369206495951,6.14432908407145e-06,Mastication/Chipping,"15",14.6707177837102
"5","5","3","0503566220800000000","050356","4521",Precommercial Thin,TRESTLE STEWARDSHIP 622080,2018-06-20T00:00:00.000,14,2018-06-20T00:00:00.000,14,2018-09-30T00:00:00.000,"2018","2018","2018",STEWARDSHIP,(PALS)TRESTLE FOREST HEALTH PROJECT,2017-09-11T00:00:00.000,"420",Tractor Logging,"455",Feller Buncher,14.68,Completed,0.019369206495951,6.14432908407145e-06,Mastication/Chipping,"15",14.6707177837102
"6","8","3","0503566220800000000","050356","4220",Commercial Thin,TRESTLE STEWARDSHIP 622080,2018-06-20T00:00:00.000,15,2018-06-20T00:00:00.000,15,2018-09-30T00:00:00.000,"2018","2018","2018",,(PALS)TRESTLE FOREST HEALTH PROJECT,2017-09-11T00:00:00.000,"200",Mechanical,"455",Feller Buncher,14.68,Completed,0.019369206495951,6.14432908407145e-06,Mechanical Harvest,"15",14.6707177837102
"7","9","3","0503566220810000001","050356","4220",Commercial Thin,TRESTLE STEWARDSHIP UNIT 281,2018-06-20T00:00:00.000,145,2018-06-20T00:00:00.000,145,2018-11-30T00:00:00.000,"2018","2018","2019",,(PALS)TRESTLE FOREST HEALTH PROJECT,2017-09-11T00:00:00.000,"200",Mechanical,"455",Feller Buncher,142.55,Completed,0.0526162708558869,5.9681972232139e-05,Mechanical Harvest,"142",142.497302784882
"8","11","3","0503566220810000002","050356","1120",Yarding - Removal of Fuels by Carrying or Dragging,TRESTLE STEWARDSHIP UNIT 281A,2018-06-20T00:00:00.000,108,2018-06-20T00:00:00.000,108,2018-10-30T00:00:00.000,"2018","2018","2019",STEWARDSHIP,(PALS)TRESTLE FOREST HEALTH PROJECT,2017-09-11T00:00:00.000,"420",Tractor Logging,"420",Tractor  logging                                                          ,105.91,Completed,0.0633365076446137,4.43378893277369e-05,Mastication/Chipping,"106",105.850427737896
"9","13","3","0503566220810000002","050356","4521",Precommercial Thin,TRESTLE STEWARDSHIP UNIT 281A,2018-06-20T00:00:00.000,108,2018-06-20T00:00:00.000,108,2018-10-30T00:00:00.000,"2018","2018","2019",STEWARDSHIP,(PALS)TRESTLE FOREST HEALTH PROJECT,2017-09-11T00:00:00.000,"420",Tractor Logging,"455",Feller Buncher,105.91,Completed,0.0633365076446137,4.43378893277369e-05,Mastication/Chipping,"106",105.850427737896
"10","14","3","0503566220830000000","050356","4521",Precommercial Thin,TRESTLE STEWARDSHIP 622083,2018-06-20T00:00:00.000,4,2018-06-20T00:00:00.000,4,2018-11-30T00:00:00.000,"2018","2018","2019",STEWARDSHIP,(PALS)TRESTLE FOREST HEALTH PROJECT,2017-09-11T00:00:00.000,"420",Tractor Logging,"455",Feller Buncher,3.75,Completed,0.00508803396807688,1.57160312072077e-06,Mastication/Chipping,"4",3.75145288089872
"11","17","3","0503566220830000000","050356","1120",Yarding - Removal of Fuels by Carrying or Dragging,TRESTLE STEWARDSHIP 622083,2018-06-20T00:00:00.000,4,2018-06-20T00:00:00.000,4,2018-11-30T00:00:00.000,"2018","2018","2019",STEWARDSHIP,(PALS)TRESTLE FOREST HEALTH PROJECT,2017-09-11T00:00:00.000,"420",Tractor Logging,"420",Tractor  logging                                                          ,3.75,Completed,0.00508803396807688,1.57160312072077e-06,Mastication/Chipping,"4",3.75145288089872
"12","18","3","0503566220830000000","050356","4220",Commercial Thin,TRESTLE STEWARDSHIP 622083,2018-06-20T00:00:00.000,4,2018-06-20T00:00:00.000,4,2018-11-30T00:00:00.000,"2018","2018","2019",,(PALS)TRESTLE FOREST HEALTH PROJECT,2017-09-11T00:00:00.000,"200",Mechanical,"455",Feller Buncher,3.75,Completed,0.00508803396807688,1.57160312072077e-06,Mechanical Harvest,"4",3.75145288089872
"13","29","3","0503566220930000001","050356","4220",Commercial Thin,TRESTLE STEWARDSHIP 622093 UNIT 201,2018-06-20T00:00:00.000,14,2018-06-20T00:00:00.000,14,2018-11-30T00:00:00.000,"2018","2018","2019",,(PALS)TRESTLE FOREST HEALTH PROJECT,2017-09-11T00:00:00.000,"200",Mechanical,"455",Feller Buncher,14.48,Completed,0.0150057854690013,6.05944477300549e-06,Mechanical Harvest,"14",14.4677020785821
"14","30","3","0503566220930000001","050356","4521",Precommercial Thin,TRESTLE STEWARDSHIP 622093 UNIT 201,2018-06-20T00:00:00.000,14,2018-06-20T00:00:00.000,14,2019-07-30T00:00:00.000,"2018","2018","2019",STEWARDSHIP,(PALS)TRESTLE FOREST HEALTH PROJECT,2017-09-11T00:00:00.000,"420",Tractor Logging,"455",Feller Buncher,14.48,Completed,0.0150057854690013,6.05944477300549e-06,Mastication/Chipping,"14",14.4677020785821
"15","31","3","0503566220930000001","050356","1120",Yarding - Removal of Fuels by Carrying or Dragging,TRESTLE STEWARDSHIP 622093 UNIT 201,2018-06-20T00:00:00.000,14,2018-06-20T00:00:00.000,14,2019-07-30T00:00:00.000,"2018","2018","2019",STEWARDSHIP,(PALS)TRESTLE FOREST HEALTH PROJECT,2017-09-11T00:00:00.000,"420",Tractor Logging,"420",Tractor  logging                                                          ,14.48,Completed,0.0150057854690013,6.05944477300549e-06,Mastication/Chipping,"14",14.4677020785821
"16","34","3","0503566220930000002","050356","4220",Commercial Thin,TRESTLE STEWARDSHIP 622093 UNIT 293,2018-06-20T00:00:00.000,40,2018-06-20T00:00:00.000,40,2019-07-30T00:00:00.000,"2018","2018","2019",,(PALS)TRESTLE FOREST HEALTH PROJECT,2017-09-11T00:00:00.000,"200",Mechanical,"455",Feller Buncher,42.22,Completed,0.028879256335971,1.76750879331989e-05,Mechanical Harvest,"42",42.2056479713368
"17","35","3","0503566220930000002","050356","1120",Yarding - Removal of Fuels by Carrying or Dragging,TRESTLE STEWARDSHIP 622093 UNIT 293,2018-06-20T00:00:00.000,40,2018-06-20T00:00:00.000,40,2019-07-30T00:00:00.000,"2018","2018","2019",STEWARDSHIP,(PALS)TRESTLE FOREST HEALTH PROJECT,2017-09-11T00:00:00.000,"420",Tractor Logging,"420",Tractor  logging                                                          ,42.22,Completed,0.028879256335971,1.76750879331989e-05,Mastication/Chipping,"42",42.2056479713368
"18","36","3","0503566220930000002","050356","4521",Precommercial Thin,TRESTLE STEWARDSHIP 622093 UNIT 293,2018-06-20T00:00:00.000,40,2018-06-20T00:00:00.000,40,2019-07-30T00:00:00.000,"2018","2018","2019",STEWARDSHIP,(PALS)TRESTLE FOREST HEALTH PROJECT,2017-09-11T00:00:00.000,"420",Tractor Logging,"455",Feller Buncher,42.22,Completed,0.028879256335971,1.76750879331989e-05,Mastication/Chipping,"42",42.2056479713368
"19","60","3","0503566220980000000","050356","1120",Yarding - Removal of Fuels by Carrying or Dragging,TRESTLE STEWARDSHIP 622098,2018-06-20T00:00:00.000,38,2018-06-20T00:00:00.000,38,2019-07-30T00:00:00.000,"2018","2018","2019",STEWARDSHIP,(PALS)TRESTLE FOREST HEALTH PROJECT,2017-09-11T00:00:00.000,"420",Tractor Logging,"420",Tractor  logging                                                          ,38.54,Completed,0.0251802587131641,1.61346598906253e-05,Mastication/Chipping,"39",38.5295474882076
"20","61","3","0503566220980000000","050356","4220",Commercial Thin,TRESTLE STEWARDSHIP 622098,2018-06-20T00:00:00.000,39,2018-06-20T00:00:00.000,39,2019-07-30T00:00:00.000,"2018","2018","2019",,(PALS)TRESTLE FOREST HEALTH PROJECT,2017-09-11T00:00:00.000,"200",Mechanical,"455",Feller Buncher,38.54,Completed,0.0251802587131641,1.61346598906253e-05,Mechanical Harvest,"39",38.5295474882076
"21","63","3","0503566220980000000","050356","4521",Precommercial Thin,TRESTLE STEWARDSHIP 622098,2018-06-20T00:00:00.000,38,2018-06-20T00:00:00.000,38,2019-07-30T00:00:00.000,"2018","2018","2019",STEWARDSHIP,(PALS)TRESTLE FOREST HEALTH PROJECT,2017-09-11T00:00:00.000,"420",Tractor Logging,"455",Feller Buncher,38.54,Completed,0.0251802587131641,1.61346598906253e-05,Mastication/Chipping,"39",38.5295474882076
"22","64","3","0503566220990000000","050356","1120",Yarding - Removal of Fuels by Carrying or Dragging,TRESTLE STEWARDSHIP 622099,2018-06-20T00:00:00.000,11,2018-06-20T00:00:00.000,11,2019-07-30T00:00:00.000,"2018","2018","2019",STEWARDSHIP,(PALS)TRESTLE FOREST HEALTH PROJECT,2017-09-11T00:00:00.000,"420",Tractor Logging,"420",Tractor  logging                                                          ,11.1,Completed,0.0171669239064757,4.64797881245109e-06,Mastication/Chipping,"11",11.0992844191896
"23","66","3","0503566220990000000","050356","4521",Precommercial Thin,TRESTLE STEWARDSHIP 622099,2018-06-20T00:00:00.000,11,2018-06-20T00:00:00.000,11,2019-07-30T00:00:00.000,"2018","2018","2019",STEWARDSHIP,(PALS)TRESTLE FOREST HEALTH PROJECT,2017-09-11T00:00:00.000,"420",Tractor Logging,"455",Feller Buncher,11.1,Completed,0.0171669239064757,4.64797881245109e-06,Mastication/Chipping,"11",11.0992844191896
"24","68","3","0503566220990000000","050356","4220",Commercial Thin,TRESTLE STEWARDSHIP 622099,2018-06-20T00:00:00.000,11,2018-06-20T00:00:00.000,11,2019-07-30T00:00:00.000,"2018","2018","2019",,(PALS)TRESTLE FOREST HEALTH PROJECT,2017-09-11T00:00:00.000,"200",Mechanical,"455",Feller Buncher,11.1,Completed,0.0171669239064757,4.64797881245109e-06,Mechanical Harvest,"11",11.0992844191896
"25","69","3","0503566221000000000","050356","4220",Commercial Thin,TRESTLE STEWARDSHIP 622100,2018-06-20T00:00:00.000,49,2018-06-20T00:00:00.000,49,2019-07-30T00:00:00.000,"2018","2018","2019",,(PALS)TRESTLE FOREST HEALTH PROJECT,2017-09-11T00:00:00.000,"200",Mechanical,"455",Feller Buncher,50.02,Completed,0.0228134722712494,2.09388756564856e-05,Mechanical Harvest,"50",49.9941050537543
"26","70","3","0503566221000000000","050356","4521",Precommercial Thin,TRESTLE STEWARDSHIP 622100,2018-06-20T00:00:00.000,47,2018-06-20T00:00:00.000,47,2019-07-30T00:00:00.000,"2018","2018","2019",STEWARDSHIP,(PALS)TRESTLE FOREST HEALTH PROJECT,2017-09-11T00:00:00.000,"420",Tractor Logging,"455",Feller Buncher,50.02,Completed,0.0228134722712494,2.09388756564856e-05,Mastication/Chipping,"50",49.9941050537543
"27","72","3","0503566221000000000","050356","1120",Yarding - Removal of Fuels by Carrying or Dragging,TRESTLE STEWARDSHIP 622100,2018-06-20T00:00:00.000,47,2018-06-20T00:00:00.000,47,2019-07-30T00:00:00.000,"2018","2018","2019",STEWARDSHIP,(PALS)TRESTLE FOREST HEALTH PROJECT,2017-09-11T00:00:00.000,"420",Tractor Logging,"420",Tractor  logging                                                          ,50.02,Completed,0.0228134722712494,2.09388756564856e-05,Mastication/Chipping,"50",49.9941050537543
"28","74","3","0503566221020000000","050356","4220",Commercial Thin,TRESTLE STEWARDSHIP 622102,2018-06-20T00:00:00.000,34,2018-06-20T00:00:00.000,34,2018-11-30T00:00:00.000,"2018","2018","2019",,(PALS)TRESTLE FOREST HEALTH PROJECT,2017-09-11T00:00:00.000,"200",Mechanical,"455",Feller Buncher,34.06,Completed,0.0186483305598764,1.42626764846572e-05,Mechanical Harvest,"34",34.0460413120021
"29","76","3","0503566221020000000","050356","4521",Precommercial Thin,TRESTLE STEWARDSHIP 622102,2018-06-20T00:00:00.000,34,2018-06-20T00:00:00.000,34,2018-11-30T00:00:00.000,"2018","2018","2019",STEWARDSHIP,(PALS)TRESTLE FOREST HEALTH PROJECT,2017-09-11T00:00:00.000,"420",Tractor Logging,"455",Feller Buncher,34.06,Completed,0.0186483305598764,1.42626764846572e-05,Mastication/Chipping,"34",34.0460413120021
"30","78","3","0503566221020000000","050356","1120",Yarding - Removal of Fuels by Carrying or Dragging,TRESTLE STEWARDSHIP 622102,2018-06-20T00:00:00.000,34,2018-06-20T00:00:00.000,34,2018-11-30T00:00:00.000,"2018","2018","2019",STEWARDSHIP,(PALS)TRESTLE FOREST HEALTH PROJECT,2017-09-11T00:00:00.000,"420",Tractor Logging,"420",Tractor  logging                                                          ,34.06,Completed,0.0186483305598764,1.42626764846572e-05,Mastication/Chipping,"34",34.0460413120021
"31","79","3","0503566221030000000","050356","1120",Yarding - Removal of Fuels by Carrying or Dragging,TRESTLE STEWARDSHIP 622103,2018-06-20T00:00:00.000,9,2018-06-20T00:00:00.000,9,2019-07-30T00:00:00.000,"2018","2018","2019",STEWARDSHIP,(PALS)TRESTLE FOREST HEALTH PROJECT,2017-09-11T00:00:00.000,"420",Tractor Logging,"420",Tractor  logging                                                          ,9.25,Completed,0.0107270096448004,3.87396349200308e-06,Mastication/Chipping,"9",9.25089861137227
"32","80","3","0503566221030000000","050356","4220",Commercial Thin,TRESTLE STEWARDSHIP 622103,2018-06-20T00:00:00.000,9,2018-06-20T00:00:00.000,9,2019-07-30T00:00:00.000,"2018","2018","2019",,(PALS)TRESTLE FOREST HEALTH PROJECT,2017-09-11T00:00:00.000,"200",Mechanical,"455",Feller Buncher,9.25,Completed,0.0107270096448004,3.87396349200308e-06,Mechanical Harvest,"9",9.25089861137227
"33","81","3","0503566221030000000","050356","4521",Precommercial Thin,TRESTLE STEWARDSHIP 622103,2018-06-20T00:00:00.000,9,2018-06-20T00:00:00.000,9,2019-07-30T00:00:00.000,"2018","2018","2019",STEWARDSHIP,(PALS)TRESTLE FOREST HEALTH PROJECT,2017-09-11T00:00:00.000,"420",Tractor Logging,"455",Feller Buncher,9.25,Completed,0.0107270096448004,3.87396349200308e-06,Mastication/Chipping,"9",9.25089861137227
"34","89","3","0503566230109000001","050356","1160",Thinning for Hazardous Fuels Reduction,NWTF #0002  8 AC,2018-10-04T00:00:00.000,8,2018-10-04T00:00:00.000,8,2018-10-04T00:00:00.000,"2019","2019","2019",,(PALS)TRESTLE FOREST HEALTH PROJECT,2017-09-11T00:00:00.000,"108",Cut trees and brush,"111",Chain Saw,7.92,Completed,0.00977389188207761,3.31741932750649e-06,Hand Thin/Pile/Chip,"8",7.92028267311283
"35","90","3","0503566230109000001","050356","1153","Piling of Fuels, Hand or Machine ",NWTF #0002  8 AC,2018-10-04T00:00:00.000,8,2018-10-04T00:00:00.000,8,2018-10-04T00:00:00.000,"2019","2019","2019",,(PALS)TRESTLE FOREST HEALTH PROJECT,2017-09-11T00:00:00.000,"115",Hand piling,"111",Chain Saw,7.92,Completed,0.00977389188207761,3.31741932750649e-06,Hand Thin/Pile/Chip,"8",7.92028267311283
"36","93","3","0503566230109000002","050356","1160",Thinning for Hazardous Fuels Reduction,NWTF #0003  18 AC ,2018-10-04T00:00:00.000,18,2018-10-04T00:00:00.000,18,2018-10-04T00:00:00.000,"2019","2019","2019",,(PALS)TRESTLE FOREST HEALTH PROJECT,2017-09-11T00:00:00.000,"108",Cut trees and brush,"111",Chain Saw,18.43,Completed,0.0173824163225289,7.71608686799517e-06,Hand Thin/Pile/Chip,"18",18.4237541908536
"37","94","3","0503566230109000002","050356","1153","Piling of Fuels, Hand or Machine ",NWTF #0003  18 AC ,2018-10-04T00:00:00.000,18,2018-10-04T00:00:00.000,18,2018-10-04T00:00:00.000,"2019","2019","2019",,(PALS)TRESTLE FOREST HEALTH PROJECT,2017-09-11T00:00:00.000,"108",Cut trees and brush,"111",Chain Saw,18.43,Completed,0.0173824163225289,7.71608686799517e-06,Hand Thin/Pile/Chip,"18",18.4237541908536
"38","95","3","0503566230109000003","050356","1153","Piling of Fuels, Hand or Machine ",NWTF #0004  23AC,2018-10-04T00:00:00.000,23,2018-10-04T00:00:00.000,23,2018-10-04T00:00:00.000,"2019","2019","2019",,(PALS)TRESTLE FOREST HEALTH PROJECT,2017-09-11T00:00:00.000,"108",Cut trees and brush,"111",Chain Saw,23.35,Completed,0.0157629479704269,9.77603780898634e-06,Hand Thin/Pile/Chip,"23",23.3451746625581
"39","97","3","0503566230109000003","050356","1160",Thinning for Hazardous Fuels Reduction,NWTF #0004  23AC,2018-10-04T00:00:00.000,23,2018-10-04T00:00:00.000,23,2018-10-04T00:00:00.000,"2019","2019","2019",,(PALS)TRESTLE FOREST HEALTH PROJECT,2017-09-11T00:00:00.000,"108",Cut trees and brush,"111",Chain Saw,23.35,Completed,0.0157629479704269,9.77603780898634e-06,Hand Thin/Pile/Chip,"23",23.3451746625581
"40","98","3","0503566230109000004","050356","1153","Piling of Fuels, Hand or Machine ",NWTF #0027     37AC,2018-10-04T00:00:00.000,37,2018-10-04T00:00:00.000,37,2018-10-04T00:00:00.000,"2019","2019","2019",,(PALS)TRESTLE FOREST HEALTH PROJECT,2017-09-11T00:00:00.000,"115",Hand piling,"111",Chain Saw,37.49,Completed,0.0250927308619235,1.56864439604909e-05,Hand Thin/Pile/Chip,"37",37.4821514003111
"41","99","3","0503566230109000004","050356","1160",Thinning for Hazardous Fuels Reduction,NWTF #0027     37AC,2018-10-04T00:00:00.000,37,2018-10-04T00:00:00.000,37,2018-10-04T00:00:00.000,"2019","2019","2019",,(PALS)TRESTLE FOREST HEALTH PROJECT,2017-09-11T00:00:00.000,"108",Cut trees and brush,"111",Chain Saw,37.49,Completed,0.0250927308619235,1.56864439604909e-05,Hand Thin/Pile/Chip,"37",37.4821514003111
"42","101","3","0503566230109000005","050356","1160",Thinning for Hazardous Fuels Reduction,NWTF #0028     33 AC,2018-10-04T00:00:00.000,33,2018-10-04T00:00:00.000,33,2018-10-04T00:00:00.000,"2019","2019","2019",,(PALS)TRESTLE FOREST HEALTH PROJECT,2017-09-11T00:00:00.000,"108",Cut trees and brush,"111",Chain Saw,33.09,Completed,0.0224637740009272,1.38423909278711e-05,Hand Thin/Pile/Chip,"33",33.0777399035741
"43","102","3","0503566230109000005","050356","1153","Piling of Fuels, Hand or Machine ",NWTF #0028     33 AC,2018-10-04T00:00:00.000,33,2018-10-04T00:00:00.000,33,2018-10-04T00:00:00.000,"2019","2019","2019",,(PALS)TRESTLE FOREST HEALTH PROJECT,2017-09-11T00:00:00.000,"108",Cut trees and brush,"111",Chain Saw,33.09,Completed,0.0224637740009272,1.38423909278711e-05,Hand Thin/Pile/Chip,"33",33.0777399035741
"44","105","3","0503566230109000006","050356","1153","Piling of Fuels, Hand or Machine ",NWTF #0030 107 AC ,2018-10-04T00:00:00.000,107,2018-10-04T00:00:00.000,107,2018-10-04T00:00:00.000,"2019","2019","2019",,(PALS)TRESTLE FOREST HEALTH PROJECT,2017-09-11T00:00:00.000,"108",Cut trees and brush,"111",Chain Saw,106.68,Completed,0.0381016991080202,4.46546785953917e-05,Hand Thin/Pile/Chip,"107",106.641624651046
"45","106","3","0503566230109000006","050356","1130",Burning of Piled Material,NWTF #0030 107 AC ,2018-11-01T00:00:00.000,107,2018-11-30T00:00:00.000,6,2018-11-30T00:00:00.000,"2019","2019","2019",,(PALS)TRESTLE FOREST HEALTH PROJECT,2017-09-11T00:00:00.000,"300",Prescribed Burn,"302",Drip torch,106.68,Completed,0.0381016991080202,4.46546785953917e-05,Prescribed Burning,"107",106.641624651046
"46","107","3","0503566230109000006","050356","1130",Burning of Piled Material,NWTF #0030 107 AC ,2020-02-06T00:00:00.000,46,2020-02-06T00:00:00.000,46,2020-02-06T00:00:00.000,"2020","2020","2020",,(PALS)TRESTLE FOREST HEALTH PROJECT,2017-09-11T00:00:00.000,"300",Prescribed Burn,"302",Drip torch,106.68,Completed,0.0381016991080202,4.46546785953917e-05,Prescribed Burning,"107",106.641624651046
"47","108","3","0503566230109000006","050356","1160",Thinning for Hazardous Fuels Reduction,NWTF #0030 107 AC ,2018-10-04T00:00:00.000,107,2018-10-04T00:00:00.000,107,2018-10-04T00:00:00.000,"2019","2019","2019",,(PALS)TRESTLE FOREST HEALTH PROJECT,2017-09-11T00:00:00.000,"100",Manual,"111",Chain Saw,106.68,Completed,0.0381016991080202,4.46546785953917e-05,Hand Thin/Pile/Chip,"107",106.641624651046
"48","110","3","0503566230109000007","050356","1160",Thinning for Hazardous Fuels Reduction,NWTF #0033     10 AC,2018-10-04T00:00:00.000,10,2018-10-04T00:00:00.000,10,2018-10-04T00:00:00.000,"2019","2019","2019",,(PALS)TRESTLE FOREST HEALTH PROJECT,2017-09-11T00:00:00.000,"100",Manual,"111",Chain Saw,10.28,Completed,0.0180160833376585,4.3002574331221e-06,Hand Thin/Pile/Chip,"10",10.2741651150616
"49","111","3","0503566230109000007","050356","1153","Piling of Fuels, Hand or Machine ",NWTF #0033     10 AC,2018-10-04T00:00:00.000,10,2018-10-04T00:00:00.000,10,2018-10-04T00:00:00.000,"2019","2019","2019",,(PALS)TRESTLE FOREST HEALTH PROJECT,2017-09-11T00:00:00.000,"108",Cut trees and brush,"111",Chain Saw,10.28,Completed,0.0180160833376585,4.3002574331221e-06,Hand Thin/Pile/Chip,"10",10.2741651150616
"50","112","3","0503566230109000009","050356","1130",Burning of Piled Material,NWTF #0038     29 AC ,2020-01-15T00:00:00.000,29,2020-01-15T00:00:00.000,29,2020-01-15T00:00:00.000,"2020","2020","2020",,(PALS)TRESTLE FOREST HEALTH PROJECT,2017-09-11T00:00:00.000,"300",Prescribed Burn,"302",Drip torch,28.59,Completed,0.0237918842436187,1.19678374266755e-05,Prescribed Burning,"29",28.5826455311641
"51","114","3","0503566230109000009","050356","1160",Thinning for Hazardous Fuels Reduction,NWTF #0038     29 AC ,2018-10-04T00:00:00.000,29,2018-11-01T00:00:00.000,29,2018-11-01T00:00:00.000,"2019","2019","2019",,(PALS)TRESTLE FOREST HEALTH PROJECT,2017-09-11T00:00:00.000,"109","Hand cut, cut surface treatment","111",Chain Saw,28.59,Completed,0.0237918842436187,1.19678374266755e-05,Hand Thin/Pile/Chip,"29",28.5826455311641
"52","115","3","0503566230109000009","050356","1153","Piling of Fuels, Hand or Machine ",NWTF #0038     29 AC ,2018-10-04T00:00:00.000,29,2018-10-04T00:00:00.000,29,2018-10-04T00:00:00.000,"2019","2019","2019",,(PALS)TRESTLE FOREST HEALTH PROJECT,2017-09-11T00:00:00.000,"115",Hand piling,"111",Chain Saw,28.59,Completed,0.0237918842436187,1.19678374266755e-05,Hand Thin/Pile/Chip,"29",28.5826455311641
"53","116","3","0503566230109000010","050356","1160",Thinning for Hazardous Fuels Reduction,NWTF #2005      4AC,2018-10-04T00:00:00.000,4,2018-10-04T00:00:00.000,4,2018-10-04T00:00:00.000,"2019","2019","2019",,(PALS)TRESTLE FOREST HEALTH PROJECT,2017-09-11T00:00:00.000,"108",Cut trees and brush,"111",Chain Saw,4.25,Completed,0.0064989344841306,1.78069035110135e-06,Hand Thin/Pile/Chip,"4",4.25306122523732
"54","118","3","0503566230109000010","050356","1153","Piling of Fuels, Hand or Machine ",NWTF #2005      4AC,2018-10-04T00:00:00.000,4,2018-10-04T00:00:00.000,4,2018-10-04T00:00:00.000,"2019","2019","2019",,(PALS)TRESTLE FOREST HEALTH PROJECT,2017-09-11T00:00:00.000,"115",Hand piling,"111",Chain Saw,4.25,Completed,0.0064989344841306,1.78069035110135e-06,Hand Thin/Pile/Chip,"4",4.25306122523732
"55","119","3","0503566230109000011","050356","1160",Thinning for Hazardous Fuels Reduction,NWTF MASTICATION #3 156 AC,2021-06-02T00:00:00.000,156,2021-06-10T00:00:00.000,156,2021-08-12T00:00:00.000,"2021","2021","2021",,(PALS)TRESTLE FOREST HEALTH PROJECT,2017-09-11T00:00:00.000,"200",Mechanical,"235",Masticator,122.63,Completed,0.0639826358214744,5.13234836662973e-05,Mastication/Chipping,"123",122.594493929491
"56","132","3","0503566234000000000","050356","4220",Commercial Thin,TRESTLE STEWARDSHIP 623400,2018-06-20T00:00:00.000,8,2018-06-20T00:00:00.000,8,2019-07-30T00:00:00.000,"2018","2018","2019",,(PALS)TRESTLE FOREST HEALTH PROJECT,2017-09-11T00:00:00.000,"200",Mechanical,"455",Feller Buncher,7.76,Completed,0.00810334222047789,3.24522415447481e-06,Mechanical Harvest,"8",7.7531261665238
"57","133","3","0503566234030000000","050356","4521",Precommercial Thin,TRESTLE STEWARDSHIP 623403,2018-06-20T00:00:00.000,11,2018-06-20T00:00:00.000,11,2019-07-30T00:00:00.000,"2018","2018","2019",STEWARDSHIP,(PALS)TRESTLE FOREST HEALTH PROJECT,2017-09-11T00:00:00.000,"420",Tractor Logging,"455",Feller Buncher,11.06,Completed,0.00981734823692552,4.62736532481018e-06,Mastication/Chipping,"11",11.0564015433192
"58","134","3","0503566234030000000","050356","1120",Yarding - Removal of Fuels by Carrying or Dragging,TRESTLE STEWARDSHIP 623403,2018-06-20T00:00:00.000,11,2018-06-20T00:00:00.000,11,2019-07-30T00:00:00.000,"2018","2018","2019",STEWARDSHIP,(PALS)TRESTLE FOREST HEALTH PROJECT,2017-09-11T00:00:00.000,"420",Tractor Logging,"420",Tractor  logging                                                          ,11.06,Completed,0.00981734823692552,4.62736532481018e-06,Mastication/Chipping,"11",11.0564015433192
"59","135","3","0503566234030000000","050356","4220",Commercial Thin,TRESTLE STEWARDSHIP 623403,2018-06-20T00:00:00.000,11,2018-06-20T00:00:00.000,11,2019-07-30T00:00:00.000,"2018","2018","2019",,(PALS)TRESTLE FOREST HEALTH PROJECT,2017-09-11T00:00:00.000,"200",Mechanical,"455",Feller Buncher,11.06,Completed,0.00981734823692552,4.62736532481018e-06,Mechanical Harvest,"11",11.0564015433192
"60","138","3","0503566234040000000","050356","4220",Commercial Thin,TRESTLE STEWARDSHIP 623404,2018-06-20T00:00:00.000,62,2018-06-20T00:00:00.000,62,2019-07-30T00:00:00.000,"2018","2018","2019",,(PALS)TRESTLE FOREST HEALTH PROJECT,2017-09-11T00:00:00.000,"200",Mechanical,"455",Feller Buncher,62.11,Completed,0.0388066135099646,2.59904571176812e-05,Mechanical Harvest,"62",62.0922448380976
"61","139","3","0503566234050000000","050356","4220",Commercial Thin,TRESTLE  STEWARDSHIP 623405,2018-06-20T00:00:00.000,22,2018-06-20T00:00:00.000,22,2019-07-30T00:00:00.000,"2018","2018","2019",,(PALS)TRESTLE FOREST HEALTH PROJECT,2017-09-11T00:00:00.000,"200",Mechanical,"455",Feller Buncher,21.59,Completed,0.0147546899464301,9.03224014559849e-06,Mechanical Harvest,"22",21.5785493912053
"62","140","3","0503566234060000000","050356","1120",Yarding - Removal of Fuels by Carrying or Dragging,TRESTLE STEWARDSHIP 623406,2018-06-20T00:00:00.000,49,2018-06-20T00:00:00.000,49,2019-07-30T00:00:00.000,"2018","2018","2019",STEWARDSHIP,(PALS)TRESTLE FOREST HEALTH PROJECT,2017-09-11T00:00:00.000,"420",Tractor Logging,"420",Tractor  logging                                                          ,48.75,Completed,0.0223439089788032,2.0396240597458e-05,Mastication/Chipping,"49",48.7320227279736
"63","142","3","0503566234060000000","050356","4220",Commercial Thin,TRESTLE STEWARDSHIP 623406,2018-06-20T00:00:00.000,49,2018-06-20T00:00:00.000,49,2019-07-30T00:00:00.000,"2018","2018","2019",,(PALS)TRESTLE FOREST HEALTH PROJECT,2017-09-11T00:00:00.000,"200",Mechanical,"455",Feller Buncher,48.75,Completed,0.0223439089788032,2.0396240597458e-05,Mechanical Harvest,"49",48.7320227279736
"64","143","3","0503566234060000000","050356","4521",Precommercial Thin,TRESTLE STEWARDSHIP 623406,2018-06-20T00:00:00.000,49,2018-06-20T00:00:00.000,49,2019-07-30T00:00:00.000,"2018","2018","2019",STEWARDSHIP,(PALS)TRESTLE FOREST HEALTH PROJECT,2017-09-11T00:00:00.000,"420",Tractor Logging,"455",Feller Buncher,48.75,Completed,0.0223439089788032,2.0396240597458e-05,Mastication/Chipping,"49",48.7320227279736
"65","145","3","0503566234080000001","050356","4220",Commercial Thin,TRESTLE STEWARDSHIP UNIT 308,2018-06-20T00:00:00.000,23,2018-06-20T00:00:00.000,23,2019-07-30T00:00:00.000,"2018","2018","2019",,(PALS)TRESTLE FOREST HEALTH PROJECT,2017-09-11T00:00:00.000,"200",Mechanical,"455",Feller Buncher,22.97,Completed,0.0179710200102577,9.61134892197232e-06,Mechanical Harvest,"23",22.9642465373051
"66","146","3","0503566234080000002","050356","4220",Commercial Thin,TRESTLE STEWARDSHIP UNIT 308A,2018-06-20T00:00:00.000,6,2018-06-20T00:00:00.000,6,2019-07-30T00:00:00.000,"2018","2018","2019",,(PALS)TRESTLE FOREST HEALTH PROJECT,2017-09-11T00:00:00.000,"200",Mechanical,"455",Feller Buncher,5.89,Completed,0.00754350281962958,2.46502187752141e-06,Mechanical Harvest,"6",5.88976345363253
"67","149","3","0503566234090000000","050356","4521",Precommercial Thin,TRESTLE STEWARDSHIP 623409,2018-06-20T00:00:00.000,11,2018-06-20T00:00:00.000,11,2019-07-30T00:00:00.000,"2018","2018","2019",STEWARDSHIP,(PALS)TRESTLE FOREST HEALTH PROJECT,2017-09-11T00:00:00.000,"420",Tractor Logging,"455",Feller Buncher,10.63,Completed,0.0135167179900709,4.44519579942499e-06,Mastication/Chipping,"11",10.621189408789
"68","150","3","0503566234090000000","050356","1120",Yarding - Removal of Fuels by Carrying or Dragging,TRESTLE STEWARDSHIP 623409,2018-06-20T00:00:00.000,11,2018-06-20T00:00:00.000,11,2019-07-30T00:00:00.000,"2018","2018","2019",STEWARDSHIP,(PALS)TRESTLE FOREST HEALTH PROJECT,2017-09-11T00:00:00.000,"420",Tractor Logging,"420",Tractor  logging                                                          ,10.63,Completed,0.0135167179900709,4.44519579942499e-06,Mastication/Chipping,"11",10.621189408789
"69","152","3","0503566234120000000","050356","1120",Yarding - Removal of Fuels by Carrying or Dragging,TRESTLE STEWARDSHIP 623412,2018-06-20T00:00:00.000,4,2018-06-20T00:00:00.000,4,2019-07-30T00:00:00.000,"2018","2018","2019",STEWARDSHIP,(PALS)TRESTLE FOREST HEALTH PROJECT,2017-09-11T00:00:00.000,"420",Tractor Logging,"420",Tractor  logging                                                          ,5.12,Completed,0.00678205988326393,2.14302103119966e-06,Mastication/Chipping,"5",5.12019198118553
"70","154","3","0503566234120000000","050356","4521",Precommercial Thin,TRESTLE STEWARDSHIP 623412,2018-06-20T00:00:00.000,4,2018-06-20T00:00:00.000,4,2019-07-30T00:00:00.000,"2018","2018","2019",STEWARDSHIP,(PALS)TRESTLE FOREST HEALTH PROJECT,2017-09-11T00:00:00.000,"420",Tractor Logging,"455",Feller Buncher,5.12,Completed,0.00678205988326393,2.14302103119966e-06,Mastication/Chipping,"5",5.12019198118553
"71","156","3","0503566234120000000","050356","4220",Commercial Thin,TRESTLE STEWARDSHIP 623412,2018-06-20T00:00:00.000,5,2018-06-20T00:00:00.000,5,2019-07-30T00:00:00.000,"2018","2018","2019",,(PALS)TRESTLE FOREST HEALTH PROJECT,2017-09-11T00:00:00.000,"200",Mechanical,"455",Feller Buncher,5.12,Completed,0.00678205988326393,2.14302103119966e-06,Mechanical Harvest,"5",5.12019198118553
"72","157","3","0503566234130000000","050356","4220",Commercial Thin,TRESTLE STEWARDSHIP 623413,2018-06-20T00:00:00.000,35,2018-06-20T00:00:00.000,35,2019-08-01T00:00:00.000,"2018","2018","2019",,(PALS)TRESTLE FOREST HEALTH PROJECT,2017-09-11T00:00:00.000,"200",Mechanical,"455",Feller Buncher,35,Completed,0.0278861118792139,1.46456276125715e-05,Mechanical Harvest,"35",34.9884579395247
"73","159","3","0503566234140000000","050356","4521",Precommercial Thin,TRESTLE STEWARDSHIP 623414,2018-06-20T00:00:00.000,28,2018-06-20T00:00:00.000,28,2019-07-30T00:00:00.000,"2018","2018","2019",STEWARDSHIP,(PALS)TRESTLE FOREST HEALTH PROJECT,2017-09-11T00:00:00.000,"420",Tractor Logging,"455",Feller Buncher,28.6,Completed,0.0200545409604116,1.19646108448898e-05,Mastication/Chipping,"29",28.5854662476039
"74","160","3","0503566234140000000","050356","1120",Yarding - Removal of Fuels by Carrying or Dragging,TRESTLE STEWARDSHIP 623414,2018-06-20T00:00:00.000,28,2018-06-20T00:00:00.000,28,2019-07-30T00:00:00.000,"2018","2018","2019",STEWARDSHIP,(PALS)TRESTLE FOREST HEALTH PROJECT,2017-09-11T00:00:00.000,"420",Tractor Logging,"420",Tractor  logging                                                          ,28.6,Completed,0.0200545409604116,1.19646108448898e-05,Mastication/Chipping,"29",28.5854662476039
"75","161","3","0503566234140000000","050356","4220",Commercial Thin,TRESTLE STEWARDSHIP 623414,2018-06-20T00:00:00.000,29,2018-06-20T00:00:00.000,29,2019-07-30T00:00:00.000,"2018","2018","2019",,(PALS)TRESTLE FOREST HEALTH PROJECT,2017-09-11T00:00:00.000,"200",Mechanical,"455",Feller Buncher,28.6,Completed,0.0200545409604116,1.19646108448898e-05,Mechanical Harvest,"29",28.5854662476039
"76","163","3","0503566234150000000","050356","4521",Precommercial Thin,TRESTLE STEWARDSHIP 623415,2018-06-20T00:00:00.000,24,2018-06-20T00:00:00.000,24,2018-10-30T00:00:00.000,"2018","2018","2019",STEWARDSHIP,(PALS)TRESTLE FOREST HEALTH PROJECT,2017-09-11T00:00:00.000,"420",Tractor Logging,"455",Feller Buncher,24.42,Completed,0.02007185368444,1.02159015966697e-05,Mastication/Chipping,"24",24.4077934505029
"77","164","3","0503566234150000000","050356","4220",Commercial Thin,TRESTLE STEWARDSHIP 623415,2018-06-20T00:00:00.000,25,2018-06-20T00:00:00.000,25,2018-10-30T00:00:00.000,"2018","2018","2019",,(PALS)TRESTLE FOREST HEALTH PROJECT,2017-09-11T00:00:00.000,"200",Mechanical,"455",Feller Buncher,24.42,Completed,0.02007185368444,1.02159015966697e-05,Mechanical Harvest,"24",24.4077934505029
"78","165","3","0503566234150000000","050356","1120",Yarding - Removal of Fuels by Carrying or Dragging,TRESTLE STEWARDSHIP 623415,2018-06-20T00:00:00.000,24,2018-06-20T00:00:00.000,24,2018-10-30T00:00:00.000,"2018","2018","2019",STEWARDSHIP,(PALS)TRESTLE FOREST HEALTH PROJECT,2017-09-11T00:00:00.000,"420",Tractor Logging,"420",Tractor  logging                                                          ,24.42,Completed,0.02007185368444,1.02159015966697e-05,Mastication/Chipping,"24",24.4077934505029
"79","173","3","0503566234170000000","050356","4220",Commercial Thin,TRESTLE STEWARDSHIP 623417,2018-06-20T00:00:00.000,65,2018-06-20T00:00:00.000,65,2019-08-01T00:00:00.000,"2018","2018","2019",,(PALS)TRESTLE FOREST HEALTH PROJECT,2017-09-11T00:00:00.000,"200",Mechanical,"455",Feller Buncher,64.96,Completed,0.0679192213600261,2.71839365463057e-05,Mechanical Harvest,"65",64.940889734922
"80","174","3","0503566234170000001","050356","1152",Compacting/Crushing of Fuels,TRESTLE STEWARDSHIP 623417,2019-09-13T00:00:00.000,40,2019-09-13T00:00:00.000,40,2019-09-13T00:00:00.000,"2019","2019","2019",,(PALS)TRESTLE FOREST HEALTH PROJECT,2017-09-11T00:00:00.000,"200",Mechanical,"235",Masticator,39.85,Completed,0.037603800025082,1.66738065785743e-05,Mastication/Chipping,"40",39.8340147060041
"81","175","3","0503566234180000001","050356","4521",Precommercial Thin,TRESTLE STEWARDSHIP UNIT 318,2018-06-20T00:00:00.000,38,2018-06-20T00:00:00.000,38,2018-10-30T00:00:00.000,"2018","2018","2019",STEWARDSHIP,(PALS)TRESTLE FOREST HEALTH PROJECT,2017-09-11T00:00:00.000,"420",Tractor Logging,"455",Feller Buncher,38.02,Completed,0.0288695385798782,1.59115259751867e-05,Mastication/Chipping,"38",38.00639866518
"82","177","3","0503566234180000001","050356","1120",Yarding - Removal of Fuels by Carrying or Dragging,TRESTLE STEWARDSHIP UNIT 318,2018-06-20T00:00:00.000,38,2018-06-20T00:00:00.000,38,2018-10-30T00:00:00.000,"2018","2018","2019",STEWARDSHIP,(PALS)TRESTLE FOREST HEALTH PROJECT,2017-09-11T00:00:00.000,"420",Tractor Logging,"420",Tractor  logging                                                          ,38.02,Completed,0.0288695385798782,1.59115259751867e-05,Mastication/Chipping,"38",38.00639866518
"83","178","3","0503566234180000001","050356","4220",Commercial Thin,TRESTLE STEWARDSHIP UNIT 318,2018-06-20T00:00:00.000,38,2018-06-20T00:00:00.000,38,2018-10-30T00:00:00.000,"2018","2018","2019",,(PALS)TRESTLE FOREST HEALTH PROJECT,2017-09-11T00:00:00.000,"200",Mechanical,"455",Feller Buncher,38.02,Completed,0.0288695385798782,1.59115259751867e-05,Mechanical Harvest,"38",38.00639866518
"84","181","3","0503566234180000002","050356","4220",Commercial Thin,TRESTLE STEWARDSHIP UNIT 318A,2018-06-20T00:00:00.000,36,2018-06-20T00:00:00.000,36,2018-10-30T00:00:00.000,"2018","2018","2019",,(PALS)TRESTLE FOREST HEALTH PROJECT,2017-09-11T00:00:00.000,"200",Mechanical,"455",Feller Buncher,36.02,Completed,0.0205390822959213,1.50810784755034e-05,Mechanical Harvest,"36",36.0244771463201
"85","182","3","0503566234180000002","050356","4521",Precommercial Thin,TRESTLE STEWARDSHIP UNIT 318A,2018-06-20T00:00:00.000,36,2018-06-20T00:00:00.000,36,2018-10-30T00:00:00.000,"2018","2018","2019",STEWARDSHIP,(PALS)TRESTLE FOREST HEALTH PROJECT,2017-09-11T00:00:00.000,"420",Tractor Logging,"455",Feller Buncher,36.02,Completed,0.0205390822959213,1.50810784755034e-05,Mastication/Chipping,"36",36.0244771463201
"86","183","3","0503566234180000002","050356","1120",Yarding - Removal of Fuels by Carrying or Dragging,TRESTLE STEWARDSHIP UNIT 318A,2018-06-20T00:00:00.000,36,2018-06-20T00:00:00.000,36,2020-07-19T00:00:00.000,"2018","2018","2020",STEWARDSHIP,(PALS)TRESTLE FOREST HEALTH PROJECT,2017-09-11T00:00:00.000,"420",Tractor Logging,"420",Tractor  logging                                                          ,36.02,Completed,0.0205390822959213,1.50810784755034e-05,Mastication/Chipping,"36",36.0244771463201
"87","190","3","0503566234190000000","050356","4220",Commercial Thin,SIDE TRACKED TIMBER SALE,2018-02-16T00:00:00.000,233,2018-02-16T00:00:00.000,233,2019-07-30T00:00:00.000,"2018","2018","2019",,(PALS)TRESTLE FOREST HEALTH PROJECT,2017-09-11T00:00:00.000,"200",Mechanical,"235",Masticator,225.44,Completed,0.0676753567666986,9.43429533105472e-05,Mechanical Harvest,"225",225.357367775589
"88","192","3","0503566234190000000","050356","1152",Compacting/Crushing of Fuels,SIDE TRACKED TIMBER SALE,2019-06-01T00:00:00.000,40,2019-09-13T00:00:00.000,40,2019-09-13T00:00:00.000,"2019","2019","2019",,(PALS)TRESTLE FOREST HEALTH PROJECT,2017-09-11T00:00:00.000,"200",Mechanical,"235",Masticator,225.44,Completed,0.0676753567666986,9.43429533105472e-05,Mastication/Chipping,"225",225.357367775589
"89","193","3","0503566234200000000","050356","4220",Commercial Thin,TRESTLE STEWARDSHIP 623420,2018-06-20T00:00:00.000,26,2018-06-20T00:00:00.000,26,2019-07-30T00:00:00.000,"2018","2018","2019",,(PALS)TRESTLE FOREST HEALTH PROJECT,2017-09-11T00:00:00.000,"200",Mechanical,"455",Feller Buncher,26.3,Completed,0.0186501960847305,1.10076998071845e-05,Mechanical Harvest,"26",26.2935760234163
"90","194","3","0503566234210000000","050356","4220",Commercial Thin,TRESTLE STEWARDSHIP 623421,2018-06-20T00:00:00.000,32,2018-06-20T00:00:00.000,32,2019-07-19T00:00:00.000,"2018","2018","2019",,(PALS)TRESTLE FOREST HEALTH PROJECT,2017-09-11T00:00:00.000,"200",Mechanical,"455",Feller Buncher,32.46,Completed,0.0192444312020593,1.35842182741148e-05,Mechanical Harvest,"32",32.4545088660559
"91","195","3","0503566234220000000","050356","4220",Commercial Thin,TRESTLE STEWARDSHIP 623422,2018-06-20T00:00:00.000,41,2018-06-20T00:00:00.000,41,2021-07-19T00:00:00.000,"2018","2018","2021",,(PALS)TRESTLE FOREST HEALTH PROJECT,2017-09-11T00:00:00.000,"200",Mechanical,"455",Feller Buncher,40.53,Completed,0.0290499882648027,1.69597262431481e-05,Mechanical Harvest,"41",40.5173905830371
"92","196","3","0503566234230000001","050356","4220",Commercial Thin,TRESTLE STEWARDSHIP UNIT 323,2018-06-20T00:00:00.000,10,2018-06-20T00:00:00.000,10,2019-07-30T00:00:00.000,"2018","2018","2019",,(PALS)TRESTLE FOREST HEALTH PROJECT,2017-09-11T00:00:00.000,"200",Mechanical,"455",Feller Buncher,9.8,Completed,0.0148993371757854,4.10052553145546e-06,Mechanical Harvest,"10",9.79506077252086
"93","198","3","0503566234230000001","050356","1120",Yarding - Removal of Fuels by Carrying or Dragging,TRESTLE STEWARDSHIP UNIT 323,2018-06-20T00:00:00.000,10,2018-06-20T00:00:00.000,10,2019-07-30T00:00:00.000,"2018","2018","2019",STEWARDSHIP,(PALS)TRESTLE FOREST HEALTH PROJECT,2017-09-11T00:00:00.000,"420",Tractor Logging,"420",Tractor  logging                                                          ,9.8,Completed,0.0148993371757854,4.10052553145546e-06,Mastication/Chipping,"10",9.79506077252086
"94","199","3","0503566234230000001","050356","4521",Precommercial Thin,TRESTLE STEWARDSHIP UNIT 323,2018-06-20T00:00:00.000,10,2018-06-20T00:00:00.000,10,2019-07-30T00:00:00.000,"2018","2018","2019",STEWARDSHIP,(PALS)TRESTLE FOREST HEALTH PROJECT,2017-09-11T00:00:00.000,"420",Tractor Logging,"455",Feller Buncher,9.8,Completed,0.0148993371757854,4.10052553145546e-06,Mastication/Chipping,"10",9.79506077252086
"95","216","3","0503566234250000000","050356","4220",Commercial Thin,TRESTLE STEWARDSHIP 623425,2018-06-20T00:00:00.000,10,2018-06-20T00:00:00.000,10,2019-07-30T00:00:00.000,"2018","2018","2019",,(PALS)TRESTLE FOREST HEALTH PROJECT,2017-09-11T00:00:00.000,"200",Mechanical,"455",Feller Buncher,9.9,Completed,0.0117721055344702,4.14096806983334e-06,Mechanical Harvest,"10",9.89171742479389
"96","228","3","0503566234330000000","050356","4220",Commercial Thin,TRESTLE STEWARDSHIP 623433,2018-06-20T00:00:00.000,23,2018-06-20T00:00:00.000,23,2019-07-30T00:00:00.000,"2018","2018","2019",,(PALS)TRESTLE FOREST HEALTH PROJECT,2017-09-11T00:00:00.000,"200",Mechanical,"455",Feller Buncher,23.36,Completed,0.0150066748877694,9.77380321804134e-06,Mechanical Harvest,"23",23.351146213243
"97","229","3","0503566234340000000","050356","4220",Commercial Thin,TRESTLE STEWARDSHIP 623434,2018-06-20T00:00:00.000,14,2018-06-20T00:00:00.000,14,2019-07-30T00:00:00.000,"2018","2018","2019",,(PALS)TRESTLE FOREST HEALTH PROJECT,2017-09-11T00:00:00.000,"200",Mechanical,"455",Feller Buncher,13.86,Completed,0.0135428061387611,5.79796376896729e-06,Mechanical Harvest,"14",13.8525007961069
"98","241","3","0503566234380000000","050356","4521",Precommercial Thin,TRESTLE STEWARDSHIP 623438,2018-06-20T00:00:00.000,44,2018-06-20T00:00:00.000,44,2018-11-30T00:00:00.000,"2018","2018","2019",STEWARDSHIP,(PALS)TRESTLE FOREST HEALTH PROJECT,2017-09-11T00:00:00.000,"420",Tractor Logging,"455",Feller Buncher,45.33,Completed,0.0232524077767622,1.89735560820845e-05,Mastication/Chipping,"45",45.3169863864806
"99","242","3","0503566234380000000","050356","4220",Commercial Thin,TRESTLE STEWARDSHIP 623438,2018-06-20T00:00:00.000,46,2018-06-20T00:00:00.000,46,2018-11-30T00:00:00.000,"2018","2018","2019",,(PALS)TRESTLE FOREST HEALTH PROJECT,2017-09-11T00:00:00.000,"200",Mechanical,"455",Feller Buncher,45.33,Completed,0.0232524077767622,1.89735560820845e-05,Mechanical Harvest,"45",45.3169863864806
"100","244","3","0503566234380000000","050356","1120",Yarding - Removal of Fuels by Carrying or Dragging,TRESTLE STEWARDSHIP 623438,2018-06-20T00:00:00.000,44,2018-06-20T00:00:00.000,44,2018-11-30T00:00:00.000,"2018","2018","2019",STEWARDSHIP,(PALS)TRESTLE FOREST HEALTH PROJECT,2017-09-11T00:00:00.000,"420",Tractor Logging,"420",Tractor  logging                                                          ,45.33,Completed,0.0232524077767622,1.89735560820845e-05,Mastication/Chipping,"45",45.3169863864806
"101","246","3","0503566234390000000","050356","4521",Precommercial Thin,TRESTLE STEWARDSHIP 623439,2018-06-20T00:00:00.000,15,2018-06-20T00:00:00.000,15,2018-11-30T00:00:00.000,"2018","2018","2019",STEWARDSHIP,(PALS)TRESTLE FOREST HEALTH PROJECT,2017-09-11T00:00:00.000,"420",Tractor Logging,"455",Feller Buncher,15.19,Completed,0.0138703809355143,6.35867495280827e-06,Mastication/Chipping,"15",15.1873674443616
"102","247","3","0503566234390000000","050356","4220",Commercial Thin,TRESTLE STEWARDSHIP 623439,2018-06-20T00:00:00.000,15,2018-06-20T00:00:00.000,15,2018-11-30T00:00:00.000,"2018","2018","2019",,(PALS)TRESTLE FOREST HEALTH PROJECT,2017-09-11T00:00:00.000,"200",Mechanical,"455",Feller Buncher,15.19,Completed,0.0138703809355143,6.35867495280827e-06,Mechanical Harvest,"15",15.1873674443616
"103","250","3","0503566234390000000","050356","1120",Yarding - Removal of Fuels by Carrying or Dragging,TRESTLE STEWARDSHIP 623439,2018-06-20T00:00:00.000,15,2018-06-20T00:00:00.000,15,2018-11-30T00:00:00.000,"2018","2018","2019",STEWARDSHIP,(PALS)TRESTLE FOREST HEALTH PROJECT,2017-09-11T00:00:00.000,"420",Tractor Logging,"420",Tractor  logging                                                          ,15.19,Completed,0.0138703809355143,6.35867495280827e-06,Mastication/Chipping,"15",15.1873674443616
"104","251","3","0503566234400000000","050356","1120",Yarding - Removal of Fuels by Carrying or Dragging,TRESTLE STEWARDSHIP 623440,2018-06-20T00:00:00.000,36,2018-06-20T00:00:00.000,36,2019-07-30T00:00:00.000,"2018","2018","2019",STEWARDSHIP,(PALS)TRESTLE FOREST HEALTH PROJECT,2017-09-11T00:00:00.000,"420",Tractor Logging,"420",Tractor  logging                                                          ,36.31,Completed,0.0280925475401354,1.51980287786602e-05,Mastication/Chipping,"36",36.2994989419728
"105","252","3","0503566234400000000","050356","4521",Precommercial Thin,TRESTLE STEWARDSHIP 623440,2018-06-20T00:00:00.000,36,2018-06-20T00:00:00.000,36,2019-07-30T00:00:00.000,"2018","2018","2019",STEWARDSHIP,(PALS)TRESTLE FOREST HEALTH PROJECT,2017-09-11T00:00:00.000,"420",Tractor Logging,"455",Feller Buncher,36.31,Completed,0.0280925475401354,1.51980287786602e-05,Mastication/Chipping,"36",36.2994989419728
"106","255","3","0503566234400000000","050356","4220",Commercial Thin,TRESTLE STEWARDSHIP 623440,2018-06-20T00:00:00.000,36,2018-06-20T00:00:00.000,36,2019-07-30T00:00:00.000,"2018","2018","2019",,(PALS)TRESTLE FOREST HEALTH PROJECT,2017-09-11T00:00:00.000,"200",Mechanical,"455",Feller Buncher,36.31,Completed,0.0280925475401354,1.51980287786602e-05,Mechanical Harvest,"36",36.2994989419728
"107","301","3","0503566234500000000","050356","4521",Precommercial Thin,TRESTLE STEWARDSHIP 623450,2018-06-20T00:00:00.000,31,2018-06-20T00:00:00.000,31,2019-07-30T00:00:00.000,"2018","2018","2019",STEWARDSHIP,(PALS)TRESTLE FOREST HEALTH PROJECT,2017-09-11T00:00:00.000,"420",Tractor Logging,"455",Feller Buncher,32.73,Completed,0.0185596067173648,1.36937041363324e-05,Mastication/Chipping,"33",32.717731264562
"108","302","3","0503566234500000000","050356","1120",Yarding - Removal of Fuels by Carrying or Dragging,TRESTLE STEWARDSHIP 623450,2018-06-20T00:00:00.000,31,2018-06-20T00:00:00.000,31,2019-07-30T00:00:00.000,"2018","2018","2019",STEWARDSHIP,(PALS)TRESTLE FOREST HEALTH PROJECT,2017-09-11T00:00:00.000,"420",Tractor Logging,"420",Tractor  logging                                                          ,32.73,Completed,0.0185596067173648,1.36937041363324e-05,Mastication/Chipping,"33",32.717731264562
"109","305","3","0503566234500000000","050356","4220",Commercial Thin,TRESTLE STEWARDSHIP 623450,2018-06-20T00:00:00.000,33,2018-06-20T00:00:00.000,33,2019-07-30T00:00:00.000,"2018","2018","2019",,(PALS)TRESTLE FOREST HEALTH PROJECT,2017-09-11T00:00:00.000,"200",Mechanical,"455",Feller Buncher,32.73,Completed,0.0185596067173648,1.36937041363324e-05,Mechanical Harvest,"33",32.717731264562
"110","307","3","0503566234510000000","050356","4521",Precommercial Thin,TRESTLE STEWARDSHIP 623451,2018-06-20T00:00:00.000,19,2018-06-20T00:00:00.000,19,2019-07-30T00:00:00.000,"2018","2018","2019",STEWARDSHIP,(PALS)TRESTLE FOREST HEALTH PROJECT,2017-09-11T00:00:00.000,"420",Tractor Logging,"455",Feller Buncher,19.78,Completed,0.0128086035330451,8.27635169128628e-06,Mastication/Chipping,"20",19.7730728673488
"111","308","3","0503566234510000000","050356","1120",Yarding - Removal of Fuels by Carrying or Dragging,TRESTLE STEWARDSHIP 623451,2018-06-20T00:00:00.000,19,2018-06-20T00:00:00.000,19,2019-07-30T00:00:00.000,"2018","2018","2019",STEWARDSHIP,(PALS)TRESTLE FOREST HEALTH PROJECT,2017-09-11T00:00:00.000,"420",Tractor Logging,"420",Tractor  logging                                                          ,19.78,Completed,0.0128086035330451,8.27635169128628e-06,Mastication/Chipping,"20",19.7730728673488
"112","310","3","0503566234510000000","050356","4220",Commercial Thin,TRESTLE STEWARDSHIP 623451,2018-06-20T00:00:00.000,20,2018-06-20T00:00:00.000,20,2019-07-30T00:00:00.000,"2018","2018","2019",,(PALS)TRESTLE FOREST HEALTH PROJECT,2017-09-11T00:00:00.000,"200",Mechanical,"455",Feller Buncher,19.78,Completed,0.0128086035330451,8.27635169128628e-06,Mechanical Harvest,"20",19.7730728673488
"113","317","3","0503566234550000001","050356","4220",Commercial Thin,TRESTLE STEWARDSHIP UNIT 355,2018-06-20T00:00:00.000,55,2018-06-20T00:00:00.000,55,2019-07-30T00:00:00.000,"2018","2018","2019",,(PALS)TRESTLE FOREST HEALTH PROJECT,2017-09-11T00:00:00.000,"200",Mechanical,"455",Feller Buncher,54.55,Completed,0.0306245541722848,2.28238491485011e-05,Mechanical Harvest,"55",54.5308338989399
"114","318","3","0503566234550000002","050356","4521",Precommercial Thin,TRESTLE STEWARDSHIP 6UNIT 355A,2018-06-20T00:00:00.000,20,2018-06-20T00:00:00.000,20,2019-07-30T00:00:00.000,"2018","2018","2019",STEWARDSHIP,(PALS)TRESTLE FOREST HEALTH PROJECT,2017-09-11T00:00:00.000,"420",Tractor Logging,"455",Feller Buncher,18.91,Completed,0.0216168294969569,7.91139791106902e-06,Mastication/Chipping,"19",18.901313449839
"115","319","3","0503566234550000002","050356","4220",Commercial Thin,TRESTLE STEWARDSHIP 6UNIT 355A,2018-06-20T00:00:00.000,20,2018-06-20T00:00:00.000,20,2019-07-30T00:00:00.000,"2018","2018","2019",,(PALS)TRESTLE FOREST HEALTH PROJECT,2017-09-11T00:00:00.000,"200",Mechanical,"455",Feller Buncher,18.91,Completed,0.0216168294969569,7.91139791106902e-06,Mechanical Harvest,"19",18.901313449839
"116","320","3","0503566234550000002","050356","1120",Yarding - Removal of Fuels by Carrying or Dragging,TRESTLE STEWARDSHIP 6UNIT 355A,2018-06-20T00:00:00.000,20,2018-06-20T00:00:00.000,20,2019-07-30T00:00:00.000,"2018","2018","2019",STEWARDSHIP,(PALS)TRESTLE FOREST HEALTH PROJECT,2017-09-11T00:00:00.000,"420",Tractor Logging,"420",Tractor  logging                                                          ,18.91,Completed,0.0216168294969569,7.91139791106902e-06,Mastication/Chipping,"19",18.901313449839
"117","324","3","0503566234560000000","050356","1120",Yarding - Removal of Fuels by Carrying or Dragging,TRESTLE STEWARDSHIP 623456,2018-06-20T00:00:00.000,20,2018-06-20T00:00:00.000,20,2019-07-30T00:00:00.000,"2018","2018","2019",STEWARDSHIP,(PALS)TRESTLE FOREST HEALTH PROJECT,2017-09-11T00:00:00.000,"420",Tractor Logging,"420",Tractor  logging                                                          ,21.44,Completed,0.0136300638786287,8.97212087150161e-06,Mastication/Chipping,"21",21.4357125971482
"118","325","3","0503566234560000000","050356","4521",Precommercial Thin,TRESTLE STEWARDSHIP 623456,2018-06-20T00:00:00.000,20,2018-06-20T00:00:00.000,20,2019-07-30T00:00:00.000,"2018","2018","2019",STEWARDSHIP,(PALS)TRESTLE FOREST HEALTH PROJECT,2017-09-11T00:00:00.000,"420",Tractor Logging,"455",Feller Buncher,21.44,Completed,0.0136300638786287,8.97212087150161e-06,Mastication/Chipping,"21",21.4357125971482
"119","327","3","0503566234560000000","050356","4220",Commercial Thin,TRESTLE STEWARDSHIP 623456,2018-06-20T00:00:00.000,21,2018-06-20T00:00:00.000,21,2019-07-30T00:00:00.000,"2018","2018","2019",,(PALS)TRESTLE FOREST HEALTH PROJECT,2017-09-11T00:00:00.000,"200",Mechanical,"455",Feller Buncher,21.44,Completed,0.0136300638786287,8.97212087150161e-06,Mechanical Harvest,"21",21.4357125971482
"120","328","3","0503566234570000000","050356","4220",Commercial Thin,TRESTLE STEWARDSHIP 623457,2018-06-20T00:00:00.000,25,2018-06-20T00:00:00.000,25,2019-07-30T00:00:00.000,"2018","2018","2019",,(PALS)TRESTLE FOREST HEALTH PROJECT,2017-09-11T00:00:00.000,"200",Mechanical,"455",Feller Buncher,25.23,Completed,0.0203392430966021,1.05575826717133e-05,Mechanical Harvest,"25",25.2227445726239
"121","331","3","0503566234570000000","050356","4521",Precommercial Thin,TRESTLE STEWARDSHIP 623457,2018-06-20T00:00:00.000,25,2018-06-20T00:00:00.000,25,2019-07-30T00:00:00.000,"2018","2018","2019",STEWARDSHIP,(PALS)TRESTLE FOREST HEALTH PROJECT,2017-09-11T00:00:00.000,"420",Tractor Logging,"455",Feller Buncher,25.23,Completed,0.0203392430966021,1.05575826717133e-05,Mastication/Chipping,"25",25.2227445726239
"122","332","3","0503566234570000000","050356","1120",Yarding - Removal of Fuels by Carrying or Dragging,TRESTLE STEWARDSHIP 623457,2018-06-20T00:00:00.000,25,2018-06-20T00:00:00.000,25,2019-07-30T00:00:00.000,"2018","2018","2019",STEWARDSHIP,(PALS)TRESTLE FOREST HEALTH PROJECT,2017-09-11T00:00:00.000,"420",Tractor Logging,"420",Tractor  logging                                                          ,25.23,Completed,0.0203392430966021,1.05575826717133e-05,Mastication/Chipping,"25",25.2227445726239
"123","385","3","0503566234750000000","050356","4521",Precommercial Thin,TRESTLE STEWARDSHIP 623475,2018-06-20T00:00:00.000,20,2018-06-20T00:00:00.000,20,2019-07-30T00:00:00.000,"2018","2018","2019",STEWARDSHIP,(PALS)TRESTLE FOREST HEALTH PROJECT,2017-09-11T00:00:00.000,"420",Tractor Logging,"455",Feller Buncher,20.47,Completed,0.0174595686064839,8.56317117981333e-06,Mastication/Chipping,"20",20.4605508564809
"124","387","3","0503566234750000000","050356","4220",Commercial Thin,TRESTLE STEWARDSHIP 623475,2018-06-20T00:00:00.000,20,2018-06-20T00:00:00.000,20,2019-07-30T00:00:00.000,"2018","2018","2019",,(PALS)TRESTLE FOREST HEALTH PROJECT,2017-09-11T00:00:00.000,"200",Mechanical,"455",Feller Buncher,20.47,Completed,0.0174595686064839,8.56317117981333e-06,Mechanical Harvest,"20",20.4605508564809
"125","389","3","0503566234750000000","050356","1120",Yarding - Removal of Fuels by Carrying or Dragging,TRESTLE STEWARDSHIP 623475,2018-06-20T00:00:00.000,20,2018-06-20T00:00:00.000,20,2019-07-30T00:00:00.000,"2018","2018","2019",STEWARDSHIP,(PALS)TRESTLE FOREST HEALTH PROJECT,2017-09-11T00:00:00.000,"420",Tractor Logging,"420",Tractor  logging                                                          ,20.47,Completed,0.0174595686064839,8.56317117981333e-06,Mastication/Chipping,"20",20.4605508564809
"126","390","3","0503566245720000000","050356","1120",Yarding - Removal of Fuels by Carrying or Dragging,TRESTLE STEWARDSHIP 624572,2018-06-20T00:00:00.000,20,2018-06-20T00:00:00.000,20,2019-07-30T00:00:00.000,"2018","2018","2019",STEWARDSHIP,(PALS)TRESTLE FOREST HEALTH PROJECT,2017-09-11T00:00:00.000,"420",Tractor Logging,"420",Tractor  logging                                                          ,20.33,Completed,0.018343447388519,8.50531894549393e-06,Mastication/Chipping,"20",20.3226224295424
"127","392","3","0503566245720000000","050356","4521",Precommercial Thin,TRESTLE STEWARDSHIP 624572,2018-06-20T00:00:00.000,20,2018-06-20T00:00:00.000,20,2019-07-30T00:00:00.000,"2018","2018","2019",STEWARDSHIP,(PALS)TRESTLE FOREST HEALTH PROJECT,2017-09-11T00:00:00.000,"420",Tractor Logging,"455",Feller Buncher,20.33,Completed,0.018343447388519,8.50531894549393e-06,Mastication/Chipping,"20",20.3226224295424
"128","394","3","0503566245720000000","050356","4220",Commercial Thin,TRESTLE STEWARDSHIP 624572,2018-06-20T00:00:00.000,20,2018-06-20T00:00:00.000,20,2019-07-30T00:00:00.000,"2018","2018","2019",,(PALS)TRESTLE FOREST HEALTH PROJECT,2017-09-11T00:00:00.000,"200",Mechanical,"455",Feller Buncher,20.33,Completed,0.018343447388519,8.50531894549393e-06,Mechanical Harvest,"20",20.3226224295424
"129","398","3","0503566245780000000","050356","4521",Precommercial Thin,TRESTLE STEWARDSHIP 624578,2018-06-20T00:00:00.000,15,2018-06-20T00:00:00.000,15,2019-07-30T00:00:00.000,"2018","2018","2019",STEWARDSHIP,(PALS)TRESTLE FOREST HEALTH PROJECT,2017-09-11T00:00:00.000,"420",Tractor Logging,"455",Feller Buncher,14.91,Completed,0.0144298844278872,6.23797722549854e-06,Mastication/Chipping,"15",14.9043567057102
"130","401","3","0503566245780000000","050356","1120",Yarding - Removal of Fuels by Carrying or Dragging,TRESTLE STEWARDSHIP 624578,2018-06-20T00:00:00.000,15,2018-06-20T00:00:00.000,15,2019-07-30T00:00:00.000,"2018","2018","2019",STEWARDSHIP,(PALS)TRESTLE FOREST HEALTH PROJECT,2017-09-11T00:00:00.000,"420",Tractor Logging,"420",Tractor  logging                                                          ,14.91,Completed,0.0144298844278872,6.23797722549854e-06,Mastication/Chipping,"15",14.9043567057102
"131","403","3","0503566245790000000","050356","4220",Commercial Thin,TRESTLE STEWARDSHIP 624579,2018-06-20T00:00:00.000,25,2018-06-20T00:00:00.000,25,2019-07-30T00:00:00.000,"2018","2018","2019",,(PALS)TRESTLE FOREST HEALTH PROJECT,2017-09-11T00:00:00.000,"200",Mechanical,"455",Feller Buncher,25.31,Completed,0.0219758791415557,1.05888929800375e-05,Mechanical Harvest,"25",25.3008581234642
"132","409","3","0503566245830000000","050356","4220",Commercial Thin,TRESTLE STEWARDSHIP 624583,2018-06-20T00:00:00.000,4,2018-06-20T00:00:00.000,4,2019-07-30T00:00:00.000,"2018","2018","2019",,(PALS)TRESTLE FOREST HEALTH PROJECT,2017-09-11T00:00:00.000,"200",Mechanical,"455",Feller Buncher,3.92,Completed,0.00563554624196185,1.64032357342268e-06,Mechanical Harvest,"4",3.91926524422087
